<p>What is SUSE Virtualization, and what is its upstream open-source name?</p>	<p>SUSE Virtualization is SUSE's <strong>hyperconverged infrastructure (HCI)</strong> product for running virtual machines. Upstream it is the open-source project <strong>Harvester</strong>. It bundles compute, storage, and networking on a Kubernetes foundation and runs on bare metal, positioned as a cloud-native alternative to traditional hypervisor stacks like VMware vSphere.</p>	suse-virtualization architecture
<p>What are the four foundational technologies in the SUSE Virtualization stack?</p>	<ol> <li><strong>Kubernetes (RKE2)</strong> as the control plane and orchestration layer.</li> <li><strong>KubeVirt</strong> to run and manage VMs as Kubernetes resources.</li> <li><strong>Longhorn (SUSE Storage)</strong> for distributed block storage.</li> <li><strong>KVM/QEMU</strong> as the actual hypervisor executing the guests.</li> </ol>	suse-virtualization architecture
<p>Which host operating system does a SUSE Virtualization node run?</p>	<p>A purpose-built, immutable OS based on <strong>SLE Micro / openSUSE Leap Micro</strong>, provisioned with <strong>Elemental</strong>. The node is an appliance: you don't install packages into it directly — configuration is declarative and upgrades replace the OS image atomically.</p>	suse-virtualization architecture
<p>Which Kubernetes distribution does SUSE Virtualization run on, and why does it matter?</p>	<p><strong>RKE2</strong> (Rancher's CNCF-conformant, security-hardened Kubernetes). It matters because Harvester components (KubeVirt, Longhorn, Multus, etc.) run as workloads on this cluster, and RKE2 provides the embedded etcd, control-plane, and CNI that everything else builds on.</p>	suse-virtualization architecture
<p>How does KubeVirt let a VM run inside Kubernetes?</p>	<p>KubeVirt adds VM CRDs (<code>VirtualMachine</code>, <code>VirtualMachineInstance</code>) and controllers. A running VM is hosted inside a normal pod called <strong>virt-launcher</strong>, which starts <strong>libvirt + QEMU/KVM</strong> for that guest. The VM therefore participates in Kubernetes scheduling, networking, and storage like any other pod.</p>	suse-virtualization architecture
<p>What role does Longhorn play in the architecture?</p>	<p>Longhorn (shipped as <strong>SUSE Storage</strong>) provides <strong>distributed, replicated block storage</strong> built from the local disks of the nodes. VM disks are Longhorn volumes exposed through a CSI StorageClass, synchronously replicated across nodes so a VM's data survives a node failure.</p>	suse-virtualization architecture
<p>What is the difference between the embedded Rancher in SUSE Virtualization and a separate Rancher Manager?</p>	<p>Each cluster ships an <strong>embedded Rancher</strong> used internally for authentication and the built-in UI. For managing many clusters and provisioning guest Kubernetes clusters, you <strong>import</strong> the Harvester cluster into a standalone <strong>Rancher Manager</strong>, which then offers Virtualization Management and the Harvester node driver.</p>	suse-virtualization architecture
<p>Why is SUSE Virtualization described as "hyperconverged"?</p>	<p>Because <strong>compute, storage, and networking are collapsed onto the same pool of commodity nodes</strong> rather than separated into distinct SAN/compute tiers. Every node contributes CPU, RAM, and disk; adding a node scales all three at once.</p>	suse-virtualization architecture
<p>What is the management VIP in a SUSE Virtualization cluster and how is it provided?</p>	<p>A <strong>virtual IP (VIP)</strong> that floats across management nodes to give a stable endpoint for the UI and Kubernetes API. It is provided by <strong>kube-vip</strong>, so the cluster stays reachable at one address even when the leader node changes.</p>	suse-virtualization architecture
<p>How does SUSE Virtualization attach VMs to multiple networks beyond the pod network?</p>	<p>Via <strong>Multus</strong>, which lets a VM's interface be backed by additional <code>NetworkAttachmentDefinition</code>s (for example VLAN-tagged bridge networks) in addition to the default cluster pod network.</p>	suse-virtualization architecture
<p>Is SUSE Virtualization meant to run on top of another hypervisor or directly on hardware?</p>	<p>Directly on <strong>bare metal</strong>. It installs its own immutable OS and Kubernetes stack on the physical servers; nesting it inside another hypervisor is only supported for testing/PoC, not production.</p>	suse-virtualization architecture
<p>How does the "everything is a Kubernetes object" design benefit operators?</p>	<p>VMs, disks, images, networks, and backups are all <strong>CRDs</strong>, so they can be managed with <code>kubectl</code>, GitOps, RBAC, and the same tooling as containers — giving consistent lifecycle, policy, and automation across VMs and container workloads on one platform.</p>	suse-virtualization architecture
<p>What container runtime and CNI underpin the cluster that hosts the VMs?</p>	<p>RKE2's defaults: <strong>containerd</strong> as the container runtime and <strong>Canal (Flannel + Calico)</strong> as the primary CNI, with <strong>Multus</strong> layered on top to provide the extra VM networks.</p>	suse-virtualization architecture
<p>At a high level, what happens when you start a VM in SUSE Virtualization?</p>	<p>The <code>VirtualMachine</code> object is set to running → KubeVirt creates a <code>VirtualMachineInstance</code> → the scheduler places a <strong>virt-launcher</strong> pod on a node → libvirt/QEMU boots the guest, with its Longhorn volumes attached via CSI and its NICs wired through Multus.</p>	suse-virtualization architecture
<p>What three modes does the Harvester ISO installer offer at boot?</p>	<p>The installer lets you <strong>create a new Harvester cluster</strong>, <strong>join an existing cluster</strong>, or <strong>install Harvester binaries only</strong> (for a later scripted config). Creating makes this the first node; joining requires the existing cluster's <strong>VIP</strong> and <strong>cluster token</strong>.</p>	suse-virtualization installation-nodes
<p>How do you perform an automated (unattended) install via PXE/iPXE?</p>	<p>Boot the node over <strong>PXE/iPXE</strong> and point the kernel to a <strong>Harvester configuration file</strong> (served over HTTP) with the boot arg <code>harvester.install.config_url=&lt;url&gt;</code>. The config file supplies all answers the interactive installer would otherwise prompt for, so no console interaction is needed.</p>	suse-virtualization installation-nodes
<p>What is the Harvester install config file and what style does it use?</p>	<p>A YAML file (commonly <code>config.yaml</code> / <code>config-create.yaml</code>) describing the node: install mode, disks, hostname, networking, VIP, token, SSH keys, etc. It is <strong>cloud-init style</strong> and embeds an <code>os:</code> section for host-OS settings; the same file can be referenced by URL during PXE install or pasted into the ISO installer.</p>	suse-virtualization installation-nodes
<p>What is the difference between creating and joining a cluster during install?</p>	<p><strong>Create</strong> bootstraps a brand-new cluster; the first node becomes the initial management node and defines the VIP and token. <strong>Join</strong> adds a node to an existing cluster — you must supply that cluster's <strong>management VIP</strong> and its <strong>cluster token</strong> so the new node can authenticate and register.</p>	suse-virtualization installation-nodes
<p>What is the management VIP in Harvester?</p>	<p>A <strong>virtual IP</strong> that floats across the management nodes and provides a single, stable endpoint for the Harvester UI/API and for new nodes joining the cluster. It can be assigned via <strong>DHCP</strong> or set <strong>statically</strong>, and it follows the active management node if one fails.</p>	suse-virtualization installation-nodes
<p>What is the cluster token used for?</p>	<p>It is a <strong>shared secret</strong> set when the cluster is created. Every node that joins must present the same token (along with the VIP) to be admitted. It authenticates node enrollment, similar to an RKE2/K3s join token.</p>	suse-virtualization installation-nodes
<p>What node roles exist in a Harvester cluster?</p>	<p><strong>Management</strong> nodes run the control plane (etcd + Kubernetes control plane) and can also run VMs; <strong>worker/compute</strong> nodes only run workloads and are <strong>never promoted</strong> to management; and a special <strong>witness</strong> node participates in etcd quorum only. Roles can be pre-assigned at install time.</p>	suse-virtualization installation-nodes
<p>What is a witness node and why would you use one?</p>	<p>A <strong>witness node</strong> joins the cluster purely as an <strong>etcd/quorum member</strong> — it does not run VM workloads. It lets you keep an <strong>odd number of etcd members</strong> (e.g. 2 management + 1 witness) so the cluster tolerates one failure without dedicating a third full management host. A cluster has <strong>at most one</strong> witness node.</p>	suse-virtualization installation-nodes
<p>Why is a 3-node minimum recommended for a highly-available Harvester cluster?</p>	<p>etcd needs an <strong>odd quorum majority</strong> to survive a failure. With <strong>three management (etcd) members</strong> the cluster tolerates exactly <strong>one node failure</strong> and still keeps quorum. A single-node install has no HA, and two members cannot form a fault-tolerant quorum.</p>	suse-virtualization installation-nodes
<p>How does automatic node promotion work?</p>	<p>When a cluster has fewer than three management nodes and additional nodes join, Harvester <strong>auto-promotes</strong> eligible nodes to management to reach three, restoring HA. Promotion is only triggered by a management node being <strong>deliberately deleted</strong> — not by a node being temporarily down. Nodes pre-assigned the <strong>worker</strong> role are excluded from promotion.</p>	suse-virtualization installation-nodes
<p>Why is the Harvester host OS described as immutable?</p>	<p>Harvester runs on an <strong>immutable OS based on SLE Micro / Elemental</strong>: the root filesystem is read-only and not meant to be hand-edited. Persistent changes are made declaratively through <strong>CloudInit resources</strong> (applied via <code>kubectl</code>) or the UI, and survive upgrades, which keeps every node reproducible.</p>	suse-virtualization installation-nodes
<p>How do you add a new node to an existing Harvester cluster?</p>	<p>Install Harvester on the new host in <strong>Join</strong> mode, giving it the cluster's <strong>VIP</strong> and <strong>token</strong> (interactively or via a config file). Once it registers it appears in Hosts; if HA needs it, Harvester may auto-promote it to management. VMs can then be scheduled onto it.</p>	suse-virtualization installation-nodes
<p>What must you do to safely remove a node from the cluster?</p>	<p>Confirm the remaining nodes have enough CPU/memory/storage and that Longhorn volumes are healthy; <strong>evict Longhorn replicas</strong> off the node; handle non-migratable VMs (shutdown/snapshot); put the node into <strong>Maintenance Mode</strong> so live-migratable VMs drain off; then run the RKE2 uninstall script (<code>/opt/rke2/bin/rke2-uninstall.sh</code>) on it and <strong>delete the host</strong> from the UI.</p>	suse-virtualization installation-nodes
<p>How do you create a VM from an image in Harvester?</p>	<p>In the UI you pick a <strong>namespace</strong>, set <strong>CPU and memory</strong>, and choose a <strong>VM Image</strong> to back the root disk (Harvester Images are imported from URLs or uploads). You can add extra volumes, networks, and cloud-init. The root disk defaults to <strong>10 GiB or the image's virtual size, whichever is larger</strong>.</p>	suse-virtualization vm-lifecycle
<p>What is the difference between the VirtualMachine and VirtualMachineInstance objects?</p>	<p><strong><code>VirtualMachine</code></strong> is the desired-state CRD you edit — its <code>runStrategy</code> and template define whether and how the VM should run. <strong><code>VirtualMachineInstance</code> (VMI)</strong> is the running instance the controller creates from it, roughly the "process" of a live guest. Deleting the VMI stops the guest; the VirtualMachine can recreate it.</p>	suse-virtualization vm-lifecycle
<p>How are CPU and memory defined in a VM's spec?</p>	<p>Under <code>spec.template.spec.domain</code> you set <strong><code>cpu</code></strong> (cores/sockets/threads) and <strong><code>memory</code>/resources</strong>. Guest topology comes from cores×sockets×threads. Harvester advises that total <strong>vCPUs should not exceed the host's physical threads</strong>, though CPU overcommit relaxes what the scheduler actually reserves.</p>	suse-virtualization vm-lifecycle
<p>Why does a VM reserve more memory than its guest RAM, and how is that tuned?</p>	<p>KubeVirt/QEMU need <strong>overhead memory</strong> (for the emulator, page tables, etc.) on top of guest RAM. Harvester sizes this automatically and lets you scale it with the <strong><code>additional-guest-memory-overhead-ratio</code></strong> setting (default <code>1.5</code>, range <code>1.0</code>–<code>10.0</code>) to avoid the VM being OOM-killed under load.</p>	suse-virtualization vm-lifecycle
<p>What are the four KubeVirt run strategies and what does each mean?</p>	<p><strong><code>Always</code></strong> — keep the VM running, restart it if it stops or crashes. <strong><code>RerunOnFailure</code></strong> — restart only after a failure, not after a clean guest shutdown. <strong><code>Manual</code></strong> — state changes only via explicit start/stop/restart. <strong><code>Halted</code></strong> — keep the VM stopped (shown as "Stopped" in the UI).</p>	suse-virtualization vm-lifecycle
<p>What do the start, stop, restart, and pause actions do to a VM?</p>	<p><strong>Start/Stop</strong> create or delete the VMI (a stop is a graceful ACPI shutdown). <strong>Restart</strong> stops then starts it. <strong>Pause</strong> freezes the running guest's vCPUs in memory (via libvirt) without shutting it down, so it can be resumed instantly; a paused VM still holds its host resources.</p>	suse-virtualization vm-lifecycle
<p>What does the qemu-guest-agent enable inside a VM?</p>	<p>Installed in the guest, it lets the host <strong>read guest info</strong> (IP addresses, hostname, filesystem/OS details), perform <strong>graceful shutdown/restart</strong>, do <strong>filesystem-quiesced snapshots</strong>, and support <strong>guest-level password/SSH-key injection</strong>. Without it, the UI cannot report the guest IP or run agent-based operations.</p>	suse-virtualization vm-lifecycle
<p>What is disk hotplug and when can you use it?</p>	<p>You can <strong>attach or detach data volumes to a running VM</strong> without rebooting it. The added volume appears to the guest as a new block device. Hotplug applies to additional disks (not the boot disk); a persistent volume added this way remains bound to the VM until detached.</p>	suse-virtualization vm-lifecycle
<p>Can you hot-add a network interface to a running VM?</p>	<p><strong>NIC hotplug</strong> lets you attach an additional network interface to a live VM without a reboot; the guest sees a new NIC and can configure it. (Hot-<strong>remove</strong> support is more limited, so plan interface changes accordingly.)</p>	suse-virtualization vm-lifecycle
<p>What is a VM template in Harvester?</p>	<p>A reusable, versioned <strong>blueprint</strong> capturing a VM's configuration — CPU/memory, disks, images, networks, and cloud-init. New VMs created "from template" inherit those defaults, standardizing provisioning. You can maintain multiple template <strong>versions</strong> and pick a default.</p>	suse-virtualization vm-lifecycle
<p>What is the difference between cloud-init user-data and network-data?</p>	<p>Both are cloud-init documents injected at first boot. <strong>user-data</strong> configures the OS — users, SSH keys, packages, and run commands. <strong>network-data</strong> configures <strong>networking</strong> — interfaces, static IPs, DNS, routes. Splitting them keeps host setup separate from network setup. Linux guests must have cloud-init installed to consume them.</p>	suse-virtualization vm-lifecycle
<p>How are Windows guests customized at first boot instead of cloud-init?</p>	<p>Windows uses <strong>Sysprep</strong>: Harvester supplies an <strong><code>autounattend.xml</code> / <code>unattend.xml</code></strong> answer file (via a cloud-init-style volume) that Windows Setup consumes to set hostname, product key, users, and locale on generalized images — the Windows equivalent of Linux cloud-init.</p>	suse-virtualization vm-lifecycle
<p>How do you access a VM's console in Harvester?</p>	<p>The UI offers a <strong>graphical VNC console</strong> and a <strong>serial (text) console</strong> to the guest, reachable even before the guest network is up. This is the out-of-band path for installs, boot troubleshooting, and recovering VMs with broken networking.</p>	suse-virtualization vm-lifecycle
<p>What happens to a VM's volumes when you delete the VM?</p>	<p>Delete is selective: the UI lets you choose which attached <strong>volumes/PVCs are deleted along with the VM</strong> and which are <strong>retained</strong>. Typically the root disk is removed while data volumes can be kept for reuse. Retained volumes stay as Longhorn PVCs until you delete them explicitly.</p>	suse-virtualization vm-lifecycle
<p>How does live migration move a running VM between hosts?</p>	<p>A <strong><code>VirtualMachineInstanceMigration</code></strong> object is created; the source keeps running while its <strong>memory pages (and, for local storage, disk state) are copied to the destination</strong>. Once state converges, execution is switched over with only a brief pause, so the guest experiences <strong>no reboot and effectively no downtime</strong>.</p>	suse-virtualization live-migration-ha-scheduling
<p>When is a VM eligible for live migration?</p>	<p>When it has <strong>no non-migratable properties</strong>, its storage is accessible from another host, and there is at least one <strong>other schedulable node</strong> with a <strong>CPU-compatible</strong> processor and enough free resources for the VM's full request. Harvester triggers it via the VM menu's <strong>Migrate</strong> action or automatically during maintenance.</p>	suse-virtualization live-migration-ha-scheduling
<p>What storage requirement must a VM meet to be migratable?</p>	<p>Its volumes must be reachable from the target host — either <strong><code>ReadWriteMany</code> (RWX)</strong> access mode or a <strong>replica count greater than one</strong> so a replica already lives on other nodes. Longhorn/SUSE Storage replicates volumes across nodes, which is what makes shared-nothing hosts support live migration.</p>	suse-virtualization live-migration-ha-scheduling
<p>Why does CPU compatibility matter for live migration?</p>	<p>The guest keeps running the <strong>same CPU feature set</strong> after the move, so the destination CPU must expose at least those features. With the default <strong><code>host-model</code></strong> CPU, migration is restricted to nodes with a <strong>matching/compatible CPU model</strong>; mismatched microarchitectures can block migration.</p>	suse-virtualization live-migration-ha-scheduling
<p>Which VM characteristics make a VM non-migratable?</p>	<p>A VM cannot live-migrate if it uses <strong>host-device/PCI passthrough or vGPU</strong>, has a <strong>CD-ROM or container-disk</strong> volume, is bound by a <strong>node selector</strong> to specific hardware, or has <strong>strict anti-affinity</strong> it cannot satisfy elsewhere. Such VMs must be stopped to move them.</p>	suse-virtualization live-migration-ha-scheduling
<p>What does putting a node into Maintenance Mode do?</p>	<p>It <strong>cordons</strong> the node and <strong>live-migrates all migratable VMs off it</strong> in batches, letting you safely do firmware updates, reboots, or hardware work. It needs <strong>at least one other active node</strong> to receive the VMs; non-migratable VMs must be shut down first.</p>	suse-virtualization live-migration-ha-scheduling
<p>What provides VM high availability when a node fails unexpectedly?</p>	<p>VMs with <strong><code>runStrategy: Always</code></strong> are automatically <strong>restarted on healthy nodes</strong> after Harvester detects the node is down. Because Longhorn keeps <strong>replicas on other nodes</strong>, the volumes reattach elsewhere, so the guest reboots (cold, not live) on surviving capacity without operator action.</p>	suse-virtualization live-migration-ha-scheduling
<p>What actually happens to a VM the moment its host node dies?</p>	<p>The VMI's pod becomes unreachable and cannot be live-migrated (its memory is gone). Once Harvester confirms the node is truly down, it <strong>force-deletes the stale VMI pod</strong> so the controller can <strong>reschedule and cold-start</strong> the VM elsewhere. The guest loses in-memory state and boots fresh from its replicated disks.</p>	suse-virtualization live-migration-ha-scheduling
<p>How does the Kubernetes scheduler place VMs given Harvester's overcommit?</p>	<p>A VM's pod requests are <strong>divided down by the overcommit ratios</strong> before scheduling. For example, at the default <strong>1600% CPU</strong> overcommit a VM asking for 2 vCPUs only reserves ~<strong>125 mCPU</strong> from the scheduler, so many VMs pack onto a node; the scheduler then places pods by these reduced requests plus any affinity rules.</p>	suse-virtualization live-migration-ha-scheduling
<p>How do node affinity and anti-affinity control VM placement?</p>	<p>You attach <strong><code>nodeSelector</code>/<code>affinity</code></strong> rules (matching node labels) to steer a VM <strong>toward</strong> specific nodes, and <strong>anti-affinity</strong> to keep VMs <strong>apart</strong> — e.g. spreading replicas of an app across hosts. Note that <strong>hard node selectors and strict anti-affinity make a VM non-migratable</strong>, trading placement control for mobility.</p>	suse-virtualization live-migration-ha-scheduling
<p>What are the default CPU, memory, and storage overcommit ratios?</p>	<p>Set in the <strong><code>overcommit-config</code></strong> setting, the defaults are <strong>CPU 1600%, Memory 150%, Storage 200%</strong>. Values above 100% let Harvester schedule VMs whose nominal totals exceed physical capacity, on the assumption they won't all peak at once — raising density at the cost of contention risk if oversubscribed.</p>	suse-virtualization live-migration-ha-scheduling
<p>How do you give a VM dedicated, pinned physical CPUs?</p>	<p>Enable the <strong>CPU Manager (static policy)</strong> on the node, then enable <strong>CPU pinning</strong> on the VM, which sets <strong><code>dedicatedCpuPlacement: true</code></strong> and creates a 1:1 vCPU-to-physical-CPU mapping in libvirt. This gives latency-sensitive guests stable cores. A pinned VM can only migrate to a target node that <strong>also has the CPU Manager enabled</strong>.</p>	suse-virtualization live-migration-ha-scheduling
<p>What is a VirtualMachineImage in Harvester?</p>	<p>A <strong>VirtualMachineImage</strong> is a Harvester CRD that represents a golden OS image used as the source for VM boot disks. When you create a VM, its root volume is cloned from the image rather than downloaded again, so many VMs can share one prepared image. It has a <code>displayName</code>, a <code>sourceType</code>, an optional <code>checksum</code>, and a target storage backend.</p>	suse-virtualization images-cloud-init
<p>What are the three source types for creating a VirtualMachineImage?</p>	<p>The <code>sourceType</code> field selects how the image is obtained: - <strong>download</strong> — Harvester pulls the file from an HTTP(S) <code>url</code>. - <strong>upload</strong> — you push a local file to the image's upload endpoint. - <strong>export-from-volume</strong> — a new image is created from the data of an existing Longhorn volume/PVC.</p>	suse-virtualization images-cloud-init
<p>What does the export-from-volume source type let you do?</p>	<p><strong>export-from-volume</strong> creates a VirtualMachineImage from the current contents of an existing volume (PVC). This is how you "golden-image" a VM you have already customized: prepare one VM, export its disk to an image, then clone new VMs from that image.</p>	suse-virtualization images-cloud-init
<p>What are the two image backends in Harvester and when is each used?</p>	<ul> <li><strong>Longhorn backing image</strong> (default) — used with the Longhorn <strong>V1</strong> data engine; Harvester generates a per-image StorageClass that inherits replica count and node/disk selectors.</li> <li><strong>CDI</strong> (Containerized Data Importer), set via <code>backend: cdi</code> — required for the Longhorn <strong>V2</strong> data engine, <strong>LVM</strong>, and <strong>third-party CSI</strong> storage; it imports the image into a golden PVC in the chosen StorageClass.</li> </ul>	suse-virtualization images-cloud-init
<p>Which disk image formats can a VirtualMachineImage use?</p>	<p>Harvester supports <strong>qcow2</strong>, <strong>raw</strong>, and <strong>ISO</strong> images. qcow2 and raw are used as bootable OS disks (cloud images), while ISO is installation/optical media attached as a CD-ROM. Harvester detects the virtual size and requires the target volume to be at least as large as the image.</p>	suse-virtualization images-cloud-init
<p>What does the targetStorageClassName field control on an image?</p>	<p><strong>targetStorageClassName</strong> (used with the CDI backend) selects which StorageClass — and therefore which storage backend, e.g. a third-party CSI or Longhorn V2 — stores the golden image PVC. It <strong>cannot be changed after the image is created</strong>, so the backend choice is fixed at creation time.</p>	suse-virtualization images-cloud-init
<p>How does Harvester speed up VM boot from a shared image?</p>	<p>With the Longhorn backing-image backend, the image is downloaded/uploaded once and then <strong>cached as a backing image on nodes</strong>. New VM disks are thin clones layered on top of that cached backing image, so subsequent VMs boot quickly without re-fetching or fully copying the OS data.</p>	suse-virtualization images-cloud-init
<p>How are SSH public keys injected into a Linux VM?</p>	<p>SSH keys are delivered through <strong>cloud-init user-data</strong>. In the Harvester UI you select or upload keys in the <strong>SSH Keys</strong> field on the VM's Basics tab; Harvester adds them to the user-data so the guest's cloud-init writes them to the user's <code>authorized_keys</code> at first boot. No manual login is required to enable key-based access.</p>	suse-virtualization images-cloud-init
<p>Why are cloud images preferred over ISOs for Linux VMs?</p>	<p><strong>Cloud images</strong> (qcow2/raw) ship pre-installed with the OS and the <strong>cloud-init</strong> agent, so they boot straight to a configured system and accept user-data/network-data automatically. An ISO is bare install media that would require an interactive, manual OS installation, so cloud images give unattended, reproducible provisioning.</p>	suse-virtualization images-cloud-init
<p>How do you install a guest from an ISO in Harvester?</p>	<p>Attach the ISO as a <strong>cd-rom</strong> type volume and add a blank <strong>disk</strong> volume for the target. Use <strong>bootOrder</strong> so the VM boots the CD-ROM first, run the installer onto the disk, then set the disk's boot order ahead of the CD-ROM so later boots come from the installed system. ISO-backed (and CD-ROM) volumes are not live-migratable.</p>	suse-virtualization images-cloud-init
<p>What is the management network (mgmt) in Harvester?</p>	<p>The <strong>mgmt</strong> network is the built-in cluster network that is always enabled and cannot be deleted or disabled. It carries Kubernetes control-plane, node, and storage-by-default traffic, and it is the network a VM uses when attached to the pod/management network (via KubeVirt masquerade binding) rather than a VLAN.</p>	suse-virtualization networking
<p>What is a ClusterNetwork in Harvester?</p>	<p>A <strong>ClusterNetwork</strong> is a cluster-wide, traffic-isolated forwarding path that groups the per-node network configurations and the VM networks built on top of them. The built-in <code>mgmt</code> cluster network exists automatically; you create additional cluster networks (e.g. <code>vlan</code>, <code>storage</code>) to carry VM or storage traffic on separate uplinks.</p>	suse-virtualization networking
<p>What does a Network Config (uplink) define on each host?</p>	<p>A per-host <strong>Network Config</strong> binds a ClusterNetwork to physical NICs on that node and sets the <strong>uplink</strong>: which NICs, the <strong>bond mode</strong> (default <code>active-backup</code>), and the <strong>MTU</strong>. Using a node selector, different hosts can have different NIC layouts under the same cluster network, supporting heterogeneous hardware.</p>	suse-virtualization networking
<p>Why bond NICs for a Harvester uplink?</p>	<p><strong>NIC bonding</strong> aggregates multiple physical ports into one logical uplink for <strong>redundancy</strong> (and, depending on mode, throughput). The default <code>active-backup</code> mode keeps traffic on one NIC and fails over to the other if a link or switch dies, so VM and cluster networking survive a single-NIC or single-switch failure.</p>	suse-virtualization networking
<p>What role do Multus and NetworkAttachmentDefinition play?</p>	<p>Harvester uses <strong>Multus</strong> to give VMs interfaces beyond the default pod network. Each VLAN/untagged VM network is represented by a <strong>NetworkAttachmentDefinition (NAD)</strong> CRD that describes the bridge and VLAN; attaching a VM to that NAD wires an extra NIC into the VM. The NAD inherits its MTU from the parent cluster network config.</p>	suse-virtualization networking
<p>How does a VM NIC connect to a physical VLAN network?</p>	<p>For VLAN/untagged networks Harvester uses KubeVirt <strong>bridge binding</strong>: the VM's NIC is attached to the host bridge on the cluster network's bonded uplink, so the VM sits directly on the external L2 segment. By contrast the management network uses <strong>masquerade binding</strong>, NATing the VM behind the pod network.</p>	suse-virtualization networking
<p>What is the storage network and why separate it?</p>	<p>The <strong>storage network</strong> is an optional dedicated network (its own cluster network + VLAN) that carries <strong>Longhorn replication and data traffic</strong>, moving it off the <code>mgmt</code> network. This prevents storage I/O from contending with control-plane traffic; Longhorn pods get an extra interface (e.g. <code>lhnet1</code>) on it. All VMs must be stopped to (re)configure it.</p>	suse-virtualization networking
<p>What is the management VIP in Harvester and how is it provided?</p>	<p>The <strong>management VIP</strong> is a single virtual IP for reaching the cluster API/UI regardless of which node is active; it is provided by <strong>kube-vip</strong>. It is set at install via DHCP or static assignment, must be in the same L2 subnet as the node mgmt interfaces, and differ from every node IP. It moves between nodes using gratuitous ARP.</p>	suse-virtualization networking
<p>How does Harvester load-balance traffic to VM workloads or guest clusters?</p>	<p>Harvester provides a built-in <strong>Layer-4 (TCP/UDP) load balancer</strong> that spreads traffic across backend VMs chosen by label selector, with health checks. Combined with the <strong>Harvester Cloud Provider</strong>, it also backs <code>LoadBalancer</code> Services in guest Kubernetes clusters, automatically creating a Harvester LB per guest service. It requires the guest agent and is IPv4-only.</p>	suse-virtualization networking
<p>How do VMs and load balancers get their IP addresses?</p>	<p>Addresses come either from <strong>DHCP</strong> on the VLAN network or from a Harvester <strong>IPPool</strong> (IP pool), an administrator-defined range that IPAM hands out — using an <code>auto</code> pool by namespace/network or an explicitly named pool. IP pools use the Whereabouts CNI for allocation and let you assign LB IPs without an external DHCP server.</p>	suse-virtualization networking
<p>What is the difference between a tagged (VLAN) and an untagged VM network?</p>	<p>A <strong>VLAN network</strong> carries a specific VLAN ID; the host uplink must be a switch <strong>trunk port</strong> passing that tagged VLAN. An <strong>untagged network</strong> carries no VLAN tag (native/access VLAN) and is used when the VMs should ride the uplink's untagged traffic. Both are Multus networks on a non-mgmt cluster network.</p>	suse-virtualization networking
<p>What must you consider about MTU and jumbo frames?</p>	<p>The default <strong>MTU is 1500</strong>. If you raise it for jumbo frames (e.g. to boost storage throughput), the value must be set <strong>consistently</strong> across every node's network config for that cluster network <strong>and</strong> on the physical switches/uplinks end to end. A mismatch causes silent drops of large frames.</p>	suse-virtualization networking
<p>How can a VM's VLAN network affect live migration?</p>	<p>A VM can only migrate to a host where its network is actually available. If the VM uses a VLAN network whose <strong>cluster network / uplink does not span the destination node</strong>, that node fails the scheduling rules and migration is blocked. Ensure the VLAN cluster network config covers all candidate nodes so the VM can move.</p>	suse-virtualization networking
<p>What is SUSE Storage and what does it provide to Harvester?</p>	<p><strong>SUSE Storage is Longhorn</strong>, shipped and supported inside Harvester. It provides <strong>distributed, replicated block storage</strong> built from the local disks of the cluster nodes. VM disks are Longhorn volumes exposed through a CSI StorageClass, so no external SAN/NAS is required for hyperconverged operation.</p>	suse-virtualization storage-suse-storage-longhorn
<p>How does Longhorn protect VM data against a node failure?</p>	<p>Each Longhorn volume keeps multiple <strong>replicas</strong> on different nodes and writes to them <strong>synchronously</strong>, so every replica is consistent. The default replica count is <strong>3</strong> (<code>numberOfReplicas: 3</code>). If a node dies, the volume stays available from a surviving replica and Longhorn rebuilds a fresh replica elsewhere.</p>	suse-virtualization storage-suse-storage-longhorn
<p>What StorageClass do Harvester VM volumes use by default?</p>	<p>The default StorageClass is <strong><code>harvester-longhorn</code></strong>, which provisions Longhorn volumes with 3 replicas. You can create additional StorageClasses to change parameters such as <code>numberOfReplicas</code>, <code>staleReplicaTimeout</code>, <code>dataLocality</code>, <code>migratable</code>, and node/disk selector tags for different performance or availability tiers.</p>	suse-virtualization storage-suse-storage-longhorn
<p>How are Longhorn volumes attached to VMs at the Kubernetes level?</p>	<p>Through the <strong>Longhorn CSI driver</strong>. Harvester requests a PVC from a Longhorn StorageClass, the CSI driver provisions and attaches the volume to the node running the VM's virt-launcher pod, and KubeVirt presents it to the guest as a disk. Volume lifecycle (provision/attach/detach/resize) is all CSI-driven.</p>	suse-virtualization storage-suse-storage-longhorn
<p>What volume operations does Harvester/Longhorn support?</p>	<p>Common operations include <strong>create</strong>, <strong>expand</strong> (grow capacity online), <strong>clone</strong> (copy into a new volume), <strong>export to image</strong> (turn a volume into a VirtualMachineImage), and <strong>snapshot</strong> (point-in-time state). Snapshots are local restore points on the volume; backups (to an external target) are the off-cluster counterpart.</p>	suse-virtualization storage-suse-storage-longhorn
<p>What does the dataLocality setting do?</p>	<p><strong><code>dataLocality</code></strong> controls whether a replica is kept on the same node as the workload consuming the volume. <code>disabled</code> (default) lets Longhorn place replicas anywhere for balance; <code>best-effort</code> tries to keep one local replica to cut read latency and cross-node traffic. It is a hint, not a guarantee.</p>	suse-virtualization storage-suse-storage-longhorn
<p>What do the volume states healthy, degraded, and rebuilding mean?</p>	<ul> <li><strong>Healthy</strong> — all expected replicas are present and in sync.</li> <li><strong>Degraded</strong> — one or more replicas are missing/faulted (e.g. after a node/disk failure); data is still served but redundancy is reduced.</li> <li><strong>Rebuilding</strong> — Longhorn is copying data to a new replica to restore the target count, after which the volume returns to healthy.</li> </ul>	suse-virtualization storage-suse-storage-longhorn
<p>What is the difference between the Longhorn v1 and v2 data engines?</p>	<p>The <strong>v1 data engine</strong> is the mature default, using a user-space engine exposed through the kernel block/iSCSI path with the full Longhorn feature set. The <strong>v2 data engine</strong> is the newer <strong>SPDK/NVMe-oF</strong> engine that runs in user space for much higher IOPS and lower CPU use, but it is newer and supports fewer features, so v1 remains the general-purpose choice.</p>	suse-virtualization storage-suse-storage-longhorn
<p>What are the tradeoffs of choosing the v2 (SPDK) data engine?</p>	<p>v2 delivers near-bare-metal NVMe performance and low latency, best on <strong>NVMe SSDs</strong> (gains shrink on SATA/spinning disks). The costs: it is a <strong>newer engine with reduced feature coverage</strong> versus v1, needs dedicated disk provisioning, and — like v1 — is still bounded by replica network bandwidth since every write is replicated across nodes.</p>	suse-virtualization storage-suse-storage-longhorn
<p>How do you add storage capacity to a Harvester node?</p>	<p>In <strong>Hosts &gt; Edit Config &gt; Storage</strong>, add a block device and pick a provisioner: <strong>LonghornV1 (CSI)</strong>, <strong>LonghornV2 (CSI)</strong>, or <strong>LVM</strong>. Unformatted disks need "Force Formatted", and each disk needs a unique WWN. You can apply <strong>storage tags</strong> (e.g. <code>ssd</code>, <code>nvme</code>) so specific StorageClasses schedule onto those disks.</p>	suse-virtualization storage-suse-storage-longhorn
<p>What do reserved storage and over-provisioning mean in Longhorn?</p>	<p>Each disk has a <strong>reserved</strong> amount that Longhorn will not schedule onto (protecting the OS/root disk and leaving headroom). The <strong>over-provisioning</strong> percentage lets the sum of volume nominal sizes exceed physical capacity, which is safe because Longhorn volumes are <strong>thin-provisioned</strong> and only consume space as data is written — but you must monitor real usage.</p>	suse-virtualization storage-suse-storage-longhorn
<p>Which Harvester nodes can hold Longhorn replicas?</p>	<p>Any node that <strong>contributes disks</strong> can host replicas, so in a hyperconverged cluster both management and worker nodes typically store data. You constrain placement with node/disk <strong>tags</strong> and StorageClass selectors. A dedicated <strong>witness</strong> node provides quorum only and does <strong>not</strong> store volume data.</p>	suse-virtualization storage-suse-storage-longhorn
<p>How can Harvester use storage other than built-in Longhorn?</p>	<p>You can install <strong>third-party CSI drivers</strong> and create StorageClasses against them for VM volumes; the <strong>CDI</strong> image backend imports golden images into those StorageClasses (and into Longhorn V2/LVM). This is how you place VM disks on external enterprise storage while keeping the Harvester/KubeVirt workflow.</p>	suse-virtualization storage-suse-storage-longhorn
<p>Why do live-migratable VMs need ReadWriteMany volumes, and how does that relate to backups?</p>	<p>Live migration briefly runs the VM on two nodes, so its volume must allow attach from multiple nodes — <strong>ReadWriteMany (RWX)</strong> with the StorageClass <code>migratable</code> parameter enabled (a single-replica or RWO volume is not migratable). Separately, volume <strong>snapshots</strong> are in-cluster restore points, whereas <strong>backups</strong> copy volume data to an external <strong>backup target</strong> (S3/NFS) for off-cluster recovery.</p>	suse-virtualization storage-suse-storage-longhorn
<p>What is the core difference between a VM snapshot and a VM backup in SUSE Virtualization?</p>	<p>A <strong>VM snapshot</strong> is stored <strong>locally in-cluster</strong> on Longhorn/SUSE Storage, so it is fast to take and restore but is lost if the cluster is lost. A <strong>VM backup</strong> is copied to an <strong>external backup target</strong> (S3 or NFS), making it slower but <strong>durable</strong> and usable for disaster recovery and cross-cluster restore.</p>	suse-virtualization backup-restore-snapshots
<p>When would you choose a snapshot over a backup, and vice versa?</p>	<p>Use a <strong>snapshot</strong> for quick, local rollback points (e.g., before an in-guest change) — cheap and fast but tied to cluster availability. Use a <strong>backup</strong> when you need <strong>durability off the cluster</strong>: protection against cluster loss, retention on external storage, or restoring the VM into a <strong>different cluster</strong>.</p>	suse-virtualization backup-restore-snapshots
<p>What is a volume snapshot and how does it differ from a VM snapshot?</p>	<p>A <strong>volume snapshot</strong> captures the state of a <strong>single volume</strong> rather than the whole VM. It is taken from the Volumes page (<strong>Take Snapshot</strong>) and can be <strong>restored to create a new volume</strong> (effectively cloning) or revert the volume. A <strong>VM snapshot</strong> covers all of a VM's volumes plus VM configuration as one consistent unit.</p>	suse-virtualization backup-restore-snapshots
<p>What must you configure before you can take VM backups, and where?</p>	<p>You must configure a <strong>backup target</strong> under <strong>Settings &gt; backup-target</strong>. Until a valid target is set, backups cannot be created. The same target definition is what a second cluster uses to see and restore those backups.</p>	suse-virtualization backup-restore-snapshots
<p>What backup target types does SUSE Virtualization support and what does each need?</p>	<p>Two types: - <strong>S3</strong> — requires <strong>Endpoint</strong>, <strong>BucketName</strong>, <strong>BucketRegion</strong>, <strong>AccessKeyID</strong>, <strong>SecretAccessKey</strong> (plus optional Certificate / VirtualHostedStyle). - <strong>NFS</strong> — requires only the <strong>Endpoint</strong> (the NFS server URL/export). Both accept a <strong>Refresh Interval</strong> controlling how often Harvester syncs backup metadata from the store.</p>	suse-virtualization backup-restore-snapshots
<p>What does a VM backup actually contain?</p>	<p>It contains the VM's <strong>volume data</strong> (from Longhorn/SUSE Storage) plus the <strong>VM definition/metadata</strong> needed to reconstruct it. This lets a backup be restored as a complete, bootable VM rather than just raw disk contents.</p>	suse-virtualization backup-restore-snapshots
<p>What are the two ways to restore a VM backup?</p>	<p>From <strong>Backup &amp; Snapshot &gt; VM Backups &gt; Restore Backup</strong> you can either: - <strong>Restore into a new VM</strong> — provide a new VM name; the original VM is untouched. - <strong>Replace an existing VM</strong> (<strong>Replace Existing</strong>) — overwrites the target VM in place.</p>	suse-virtualization backup-restore-snapshots
<p>What are the constraints when restoring a backup by replacing an existing VM?</p>	<p>The target VM must be <strong>powered off</strong> first. During the restore you choose whether to <strong>delete or retain the previous volumes</strong> (deletion is the default). The VM keeps its identity but its disks are rolled back to the backup's contents.</p>	suse-virtualization backup-restore-snapshots
<p>How do you restore a VM backup into a completely different cluster (disaster recovery)?</p>	<p>Configure the <strong>identical backup target</strong> on the second cluster. Harvester <strong>syncs the backup metadata</strong> from the store automatically, after which the synced backup appears in <strong>VM Backups</strong> and can be restored under a chosen VM name. The backup target is the shared link — without the same target the backups are invisible.</p>	suse-virtualization backup-restore-snapshots
<p>Why must the destination cluster use the same backup target for cross-cluster restore?</p>	<p>The backup data lives only in the <strong>external target</strong>, not in the source cluster. The destination cluster discovers and reads backups <strong>by pointing at that same S3 bucket/NFS export</strong>; a different target has no knowledge of those backups. (From v1.4.0+, referenced VM images are also synced automatically to the new cluster.)</p>	suse-virtualization backup-restore-snapshots
<p>How does SUSE Virtualization ensure a snapshot or backup is filesystem-consistent?</p>	<p>When the <strong>QEMU Guest Agent</strong> is installed and connected, the controller triggers a <strong>filesystem freeze (quiesce)</strong> via KubeVirt's <strong>virt-freezer</strong> before capturing, then thaws afterward. Linux uses <strong><code>fsfreeze</code></strong>; Windows uses <strong>VSS (Volume Shadow Copy Service)</strong>. Without the guest agent the capture is only crash-consistent.</p>	suse-virtualization backup-restore-snapshots
<p>How do you schedule recurring backups or snapshots and control retention?</p>	<p>SUSE Virtualization supports <strong>scheduled</strong> VM backups and snapshots (a VM schedule). Key fields: - <strong>Cron Schedule</strong> — a cron expression (minimum interval <strong>one hour</strong>). - <strong>Retain</strong> — number of most-recent backups/snapshots to keep; older ones are pruned automatically. - <strong>Max Failure</strong> — consecutive failures allowed before the schedule is suspended.</p>	suse-virtualization backup-restore-snapshots
<p>What is the difference between the embedded Rancher in SUSE Virtualization and a standalone Rancher Manager?</p>	<p>Every Harvester cluster ships an <strong>embedded Rancher</strong> used internally for <strong>authentication and the built-in dashboard</strong>. To manage many clusters and provision guest Kubernetes clusters, you <strong>import</strong> the Harvester cluster into a <strong>standalone Rancher Manager</strong>, which then exposes Virtualization Management, the node driver, and centralized RBAC.</p>	suse-virtualization rancher-integration
<p>How do you bring a Harvester cluster under a standalone Rancher Manager?</p>	<p>In Rancher you <strong>import the Harvester cluster</strong> via the <strong>Virtualization Management</strong> feature. Rancher then manages the cluster's hosts, VMs, images, and volumes through its UI, reusing Rancher's auth providers and multi-tenancy.</p>	suse-virtualization rancher-integration
<p>What does the Virtualization Management area in Rancher let you do?</p>	<p>It lets you <strong>manage imported Harvester clusters</strong> centrally — viewing and operating hosts, virtual machines, images, and volumes — and it is the entry point for creating <strong>cloud credentials</strong> and provisioning <strong>guest clusters</strong> onto Harvester.</p>	suse-virtualization rancher-integration
<p>How does importing Harvester into Rancher enable multi-tenancy and RBAC?</p>	<p>Rancher applies its existing <strong>projects, namespaces, and RBAC roles</strong> and its <strong>authentication providers</strong> to the Harvester cluster. This gives you <strong>multi-tenant</strong> access control over virtualization resources without Harvester implementing its own separate identity system.</p>	suse-virtualization rancher-integration
<p>What is the Harvester node driver and what does it do?</p>	<p>The <strong>Harvester node driver</strong> (built into Rancher v2.6.1+) lets Rancher <strong>provision guest RKE2/K3s Kubernetes clusters</strong> whose nodes are <strong>VMs running on Harvester</strong>. Rancher creates, scales, and replaces those VM-backed nodes automatically, treating Harvester like an infrastructure/cloud provider.</p>	suse-virtualization rancher-integration
<p>What cloud credential do you create to provision guest clusters on Harvester?</p>	<p>In <strong>Cluster Management &gt; Cloud Credentials</strong> you create a credential of type <strong>Imported Harvester Cluster</strong>, pointing at the imported Harvester cluster. This credential authorizes Rancher/the node driver to create VMs there when building an RKE2 or K3s cluster.</p>	suse-virtualization rancher-integration
<p>What image and network prerequisites does the Harvester node driver require for guest cluster nodes?</p>	<p>Node VMs must boot from a <strong>cloud image</strong> (cloud-init capable), not an ISO install image. A <strong>VLAN network</strong> is required for the node driver, and node IPs come from a <strong>DHCP server</strong> or Harvester's <strong>Managed DHCP</strong>. You also supply cluster name, namespace, image, network, and SSH user.</p>	suse-virtualization rancher-integration
<p>What does the Harvester cloud provider give a guest Kubernetes cluster?</p>	<p>It implements Kubernetes <strong><code>LoadBalancer</code> services</strong> for guest workloads, backed by Harvester. It supports IPAM modes including <strong>DHCP</strong>, <strong>Pool</strong> (pre-configured IP pools), and <strong>Share IP</strong>, so guest cluster services get real external load-balancer addresses.</p>	suse-virtualization rancher-integration
<p>What does the Harvester CSI driver provide inside a guest cluster?</p>	<p>The <strong>Harvester CSI driver</strong> offers <strong>storage passthrough</strong>: guest-cluster PersistentVolumes are provisioned from the <strong>underlying Harvester (Longhorn/SUSE Storage)</strong> storage. Guest pods get dynamically provisioned block storage without the guest cluster owning its own storage backend.</p>	suse-virtualization rancher-integration
<p>How do the Harvester cloud provider and CSI driver get installed in a guest cluster?</p>	<p>When you provision an RKE2/K3s cluster with the <strong>node driver</strong>, both are <strong>deployed automatically</strong> (RKE2 v1.21.5+rke2r2 and later bundle the integration). For custom/manual clusters you generate a cloud config (e.g., via <code>generate_addon.sh</code>) and set the cloud provider to <strong>External</strong>.</p>	suse-virtualization rancher-integration
<p>Why run guest RKE2/K3s clusters on top of Harvester instead of directly on hardware?</p>	<p>Harvester provides the <strong>VM lifecycle, networking (VLAN/LoadBalancer), and storage (CSI)</strong> as an on-prem cloud, so Rancher can spin up, scale, heal, and tear down full Kubernetes clusters on demand from <strong>cloud images</strong> — turning bare-metal HCI into a self-service, cloud-like platform for many isolated clusters.</p>	suse-virtualization rancher-integration
<p>How is a cluster upgrade initiated and orchestrated in SUSE Virtualization?</p>	<p>Upgrades are driven by the built-in <strong>Upgrade</strong> feature: clicking <strong>Upgrade</strong> in the dashboard creates an <strong>Upgrade custom resource (CRD)</strong> that the system reconciles. A managed <strong>upgrade repository</strong> (a Deployment as of v1.7.0) serves the new artifacts to every node.</p>	suse-virtualization upgrades
<p>Where does the new version's content come from during an upgrade?</p>	<p>From an official <strong>release channel</strong> (e.g., <code>releases.rancher.com/harvester/{version}</code>) that the dashboard offers when a new version is available. For <strong>air-gapped</strong> clusters you download the release <strong>ISO</strong>, host it locally, and point a modified <code>version.yaml</code> (<code>isoURL</code>) at it.</p>	suse-virtualization upgrades
<p>What kinds of pre-upgrade checks does SUSE Virtualization run?</p>	<p>It validates readiness before proceeding, including: sufficient <strong>free system-partition space</strong> per node, <strong>certificate validity</strong>, <strong>NTP time sync</strong> across nodes, and general cluster health. Failing checks (e.g., low disk) <strong>block the upgrade</strong> until resolved.</p>	suse-virtualization upgrades
<p>How does an upgrade keep VMs available while updating nodes?</p>	<p>Nodes are upgraded <strong>one at a time</strong>. Before a node is drained/rebooted, its <strong>live-migratable VMs are automatically live-migrated</strong> to other nodes, so running VMs stay available with no downtime while each node reboots into the new version.</p>	suse-virtualization upgrades
<p>Why should VMs be live-migratable for a smooth upgrade?</p>	<p>Only migratable VMs can be <strong>moved off a node</strong> before it reboots. <strong>Non-migratable</strong> VMs must instead be <strong>shut down</strong> (manually or automatically, per the upgrade config) during their node's turn, causing downtime. Making VMs migratable lets the rolling upgrade proceed without stopping workloads.</p>	suse-virtualization upgrades
<p>What components get upgraded together in a single SUSE Virtualization upgrade?</p>	<p>An upgrade is a <strong>bundle</strong>: the host OS (<strong>SUSE Linux Micro</strong>), the Kubernetes distribution (<strong>RKE2</strong>), and managed components (<strong>KubeVirt, Longhorn/SUSE Storage, Rancher</strong>) all advance <strong>in lockstep</strong>. You do not upgrade these pieces independently.</p>	suse-virtualization upgrades
<p>What are the rules about which versions you can upgrade to and from?</p>	<p>Direct upgrades are limited to about <strong>one minor version at a time</strong> (e.g., v1.5.x → v1.6.x). <strong>Skipping minor versions is not allowed</strong>; you must step through intermediate releases, consistent with upstream Kubernetes version-skew rules. Consult the official upgrade matrix for exact supported paths.</p>	suse-virtualization upgrades
<p>Can you roll back or downgrade after an upgrade?</p>	<p>No. SUSE Virtualization <strong>does not support downgrades/rollback</strong> of the cluster version. Because the OS, Kubernetes, and components move together, reverting risks incompatibility and data corruption — so protect against a bad upgrade with <strong>VM backups</strong> beforehand instead.</p>	suse-virtualization upgrades
<p>How do air-gapped upgrades differ from connected ones?</p>	<p>In air-gapped environments there is no reachable release channel, so you <strong>download the release ISO</strong> yourself, host it on a local HTTP(S) server, and provide a custom <strong><code>version.yaml</code></strong> whose <code>isoURL</code> points at it. The upgrade then proceeds using those locally hosted artifacts.</p>	suse-virtualization upgrades
<p>How do you monitor upgrade progress and troubleshoot it?</p>	<p>The dashboard shows a live <strong>upgrade progress</strong> view (open the progress/status indicator) tracking per-node and per-component phases. The <strong>Upgrade CRD</strong> status and pod/job logs provide deeper detail, and individual node upgrades can be paused for manual maintenance between phases.</p>	suse-virtualization upgrades
<p>What monitoring stack ships embedded with SUSE Virtualization, and how is it packaged?</p>	<p>It ships the <strong><code>rancher-monitoring</code> addon</strong> — a bundled <strong>Prometheus + Grafana + Alertmanager + Prometheus Node Exporter</strong> stack (the Prometheus Operator). It is <strong>disabled by default on fresh installs</strong> (enabled by default on clusters upgraded from older versions) and is toggled like any other Harvester addon.</p>	suse-virtualization observability-logging
<p>Which built-in Grafana dashboards does the embedded monitoring provide out of the box?</p>	<p>Three main views: - <strong>Cluster dashboard</strong> — aggregate cluster/node metrics (admin only). - <strong>Top 10 VM Metrics</strong> — the most resource-intensive VMs. - <strong>Per-VM metrics</strong> — CPU/memory/disk/network for a single VM via the <em>VM detail page &gt; VM Metrics</em> tab.</p>	suse-virtualization observability-logging
<p>Where do the per-VM CPU, memory, disk, and network metrics actually come from?</p>	<p>They are exported by the <strong>KubeVirt / node exporters running on each host</strong> and scraped by the embedded <strong>Prometheus</strong>, then rendered in Grafana. Note the memory panel computes usage as <strong><code>(1 - free/total) * 100%</code></strong> rather than <code>used/total</code>, so cached memory counts as "used".</p>	suse-virtualization observability-logging
<p>How do you enable, disable, or tune the embedded monitoring stack?</p>	<p>Manage it as an addon: - UI: <strong>Advanced &gt; Addons &gt; <code>rancher-monitoring</code></strong>. - CLI: <code>kubectl edit addons.harvesterhci.io -n cattle-monitoring-system rancher-monitoring</code>.</p> <p>Here you set Prometheus/Node Exporter/Alertmanager resource requests and limits (Prometheus minimum ~500Mi, recommended 5–10% of system memory).</p>	suse-virtualization observability-logging
<p>How is alerting configured, and what CRD defines the alert routing?</p>	<p><strong>Alertmanager</strong> is part of the stack; routing/receivers are defined with the <strong><code>AlertmanagerConfig</code></strong> CRD (<code>monitoring.coreos.com/v1alpha1</code>), which is <strong>namespace-scoped only</strong> (no global config). It supports webhook receivers; for Microsoft Teams or SMS you additionally install the separate <strong><code>rancher-alerting-drivers</code></strong> Helm chart (prom2teams / sachet).</p>	suse-virtualization observability-logging
<p>How do you integrate SUSE Virtualization with an external monitoring system instead of the built-in one?</p>	<p>Prometheus is standard, so an <strong>external Prometheus can scrape the cluster's metrics endpoints / ServiceMonitors</strong>, or you push alerts to external receivers via <code>AlertmanagerConfig</code> webhooks. Because the whole cluster surfaces through <strong>Rancher</strong>, Rancher's own monitoring can also aggregate metrics across managed Harvester clusters.</p>	suse-virtualization observability-logging
<p>What is the embedded logging stack in SUSE Virtualization?</p>	<p>The <strong><code>rancher-logging</code> addon</strong>, driven by the <strong>Logging Operator</strong>, using <strong>Fluent Bit</strong> as the per-node log collector and <strong>Fluentd</strong> as the aggregator/router. It is <strong>disabled by default</strong> and lives in the <strong><code>cattle-logging-system</code></strong> namespace, collecting pod logs, kernel logs, and systemd service logs (rke2, rancherd, iscsid, etc.).</p>	suse-virtualization observability-logging
<p>Which CRDs route and ship logs to external destinations, and what is the namespace rule?</p>	<p><strong><code>Flow</code>/<code>ClusterFlow</code></strong> filter and route logs; <strong><code>Output</code>/<code>ClusterOutput</code></strong> define destinations (Elasticsearch, Splunk, Loki, Graylog, S3, etc.). Rule: a namespaced <strong>Flow can only reference Outputs in its own namespace</strong>, but may reference <strong>any <code>ClusterOutput</code></strong>.</p>	suse-virtualization observability-logging
<p>How are audit logs captured differently from ordinary logs?</p>	<p>Audit logs flow through the same logging pipeline but are opt-in: the <code>Output</code>/<code>Flow</code> handling them must carry <strong><code>loggingRef: harvester-kube-audit-log-ref</code></strong> so the operator wires the Kubernetes API audit log source to that destination.</p>	suse-virtualization observability-logging
<p>What is a support bundle and when do you use it?</p>	<p>A <strong>support bundle</strong> is a downloadable archive of cluster logs, YAMLs, and diagnostics for troubleshooting or support cases. Generate it via <strong>Support &gt; Generate Support Bundle</strong> in the UI (backed by <code>SupportBundle</code> objects, <code>kubectl get supportbundle -A</code>). Tune scope with the <strong><code>support-bundle-namespaces</code></strong> setting and time limit with <strong><code>support-bundle-timeout</code></strong>.</p>	suse-virtualization observability-logging
<p>What is the difference between a <code>VirtualMachine</code> and a <code>VirtualMachineInstance</code>?</p>	<p><strong><code>VirtualMachine</code> (VM)</strong> is the <em>desired-state / stateful</em> object — it holds the definition and a run strategy, behaving roughly like a StatefulSet with one replica. <strong><code>VirtualMachineInstance</code> (VMI)</strong> is the <em>running, ephemeral</em> instance. Setting the VM to running causes KubeVirt to create the VMI; stopping it deletes the VMI while the VM definition persists.</p>	suse-virtualization crds-internals-kubevirt
<p>What is the virt-launcher pod and what runs inside it?</p>	<p>For each running VMI, KubeVirt schedules a <strong><code>virt-launcher</code> pod</strong> on a node. Inside that pod run <strong><code>libvirtd</code> and QEMU</strong>, which boot and manage the actual guest via <strong>KVM</strong> acceleration. The pod is the cgroup/namespace boundary that lets Kubernetes treat the VM like any other workload for scheduling, networking, and storage.</p>	suse-virtualization crds-internals-kubevirt
<p>What are the roles of virt-controller, virt-handler, and virt-api?</p>	<ul> <li><strong><code>virt-api</code></strong> — the API server extension validating and serving KubeVirt CRDs and subresources (console, VNC, start/stop).</li> <li><strong><code>virt-controller</code></strong> — cluster-wide controller that, for each VMI, creates the virt-launcher pod and reconciles VMI state.</li> <li><strong><code>virt-handler</code></strong> — a node <strong>DaemonSet</strong> (like a kubelet peer) that drives libvirt inside each virt-launcher to reach the desired VMI state.</li> </ul>	suse-virtualization crds-internals-kubevirt
<p>What does <code>kubectl get vmi</code> tell you that <code>kubectl get vm</code> does not?</p>	<p><code>get vm</code> shows the <strong>desired</strong> object and whether it should be running; <strong><code>get vmi</code></strong> shows the <strong>actually running</strong> instance — its <strong>phase</strong> (Scheduling/Scheduled/Running), the <strong>node</strong> it landed on, and its IP. No VMI row means nothing is running, regardless of the VM's config.</p>	suse-virtualization crds-internals-kubevirt
<p>What is the relationship between a VMI and its pod?</p>	<p>It is <strong>1:1</strong> — one running VMI is backed by exactly one <strong>virt-launcher pod</strong>. The pod is owned by the VMI; if the pod dies the VMI is lost, and on restart the VMI is rescheduled onto a <strong>new</strong> virt-launcher pod (a fresh pod name each time). Deleting the pod terminates the guest.</p>	suse-virtualization crds-internals-kubevirt
<p>How is a VM's disk backed by storage in SUSE Virtualization?</p>	<p>A VM disk is a <strong>PVC</strong> provisioned by the <strong>Longhorn/SUSE Storage CSI driver</strong>; the PVC is attached into the virt-launcher pod and presented to QEMU as a block device. Longhorn replicates that volume across nodes, which is what makes VM live migration and volume-level backup/snapshot possible.</p>	suse-virtualization crds-internals-kubevirt
<p>What role does the CDI (Containerized Data Importer) play?</p>	<p><strong>CDI</strong> imports/uploads disk images into PVCs (<code>DataVolume</code>-style population). In Harvester a <code>VirtualMachineImage</code> uses the <strong>Longhorn backing-image</strong> backend by default, but can instead use the <strong>CDI backend</strong> — required to place images on third-party storage or <strong>Longhorn V2</strong> volumes via a chosen StorageClass.</p>	suse-virtualization crds-internals-kubevirt
<p>What does the <code>VirtualMachineImage</code> CRD represent?</p>	<p><strong><code>VirtualMachineImage</code></strong> (<code>harvesterhci.io/v1beta1</code>) is Harvester's abstraction over a bootable OS image (uploaded or URL-sourced). By default it is stored as a <strong>Longhorn backing image</strong>; creating a VM/volume from it clones a <strong>new independent PVC</strong> per VM, inheriting parameters (e.g. replica count) from the selected StorageClass.</p>	suse-virtualization crds-internals-kubevirt
<p>Which Harvester CRDs implement VM backup and restore, and what backs them?</p>	<p><strong><code>VirtualMachineBackup</code></strong> and <strong><code>VirtualMachineRestore</code></strong> (<code>harvesterhci.io/v1beta1</code>). Backups are written to an external <strong>backup target</strong> (S3-compatible or NFS, set via the <code>backup-target</code> setting) and are cross-cluster restorable; <strong>snapshots</strong> stay in-cluster. Both are <strong>limited to Longhorn volumes</strong> and build on Longhorn's snapshot/backup mechanism.</p>	suse-virtualization crds-internals-kubevirt
<p>How does node labeling influence where VMs (VMIs) get scheduled?</p>	<p>KubeVirt labels nodes for capability and eligibility — e.g. <strong><code>kubevirt.io/schedulable</code></strong> and CPU-model/feature labels (<code>cpu-model.node.kubevirt.io/...</code>) published by node-labeller. The VMI's <code>nodeSelector</code>/affinity is matched against these so a guest only lands on a host with a compatible CPU and virtualization support.</p>	suse-virtualization crds-internals-kubevirt
<p>How does KubeVirt give the guest hardware-accelerated virtualization on a node?</p>	<p>The virt-launcher pod requests the host's <strong><code>/dev/kvm</code></strong> through KubeVirt's <strong>KVM device plugin</strong> (resource <strong><code>devices.kubevirt.io/kvm</code></strong>). QEMU inside the pod then uses <strong>KVM</strong> for hardware acceleration. If <code>/dev/kvm</code> is unavailable the guest can only fall back to slow software emulation.</p>	suse-virtualization crds-internals-kubevirt
<p>How is VM firmware chosen — BIOS versus UEFI — and what is the machine type?</p>	<p>Firmware is set via <code>spec.domain.firmware.bootloader</code>: <strong>BIOS by default</strong>, or <strong>UEFI backed by OVMF</strong> when <code>efi</code> is specified. Enabling <code>efi</code> turns on <strong>Secure Boot</strong> unless <code>secureBoot: false</code> (Secure Boot also needs SMM and the <strong>q35</strong> machine type). The <strong><code>spec.domain.machine.type</code></strong> field (e.g. a <code>pc-q35-*</code> type) pins the emulated chipset.</p>	suse-virtualization crds-internals-kubevirt
<p>Why do VMs appear as pods to the Kubernetes scheduler?</p>	<p>Because KubeVirt wraps each VMI in a <strong>virt-launcher pod</strong>, the scheduler only ever sees a normal pod with CPU/memory requests. This is KubeVirt's design ("the Razor"): reuse the existing pod machinery so <strong>scheduling, networking (Multus), storage (CSI), and quotas</strong> apply to VMs exactly as they do to containers, with QEMU/KVM hidden inside the pod.</p>	suse-virtualization crds-internals-kubevirt
<p>How do you get a kubeconfig to run kubectl against a SUSE Virtualization cluster?</p>	<p>Download it from the Harvester UI — click <strong>Support</strong> (bottom-left) then <strong>Download KubeConfig</strong> — or on a management node use the underlying RKE2 kubeconfig at <code>/etc/rancher/rke2/rke2.yaml</code>. Point <code>kubectl</code> at it via <code>--kubeconfig</code> or the <code>KUBECONFIG</code> env var.</p>	suse-virtualization cli-api-terraform
<p>Why can you manage almost everything in SUSE Virtualization directly with kubectl?</p>	<p>Its API <strong>is</strong> the Kubernetes API — every object is a <strong>CRD</strong>. VMs are KubeVirt <code>VirtualMachine</code>/<code>VirtualMachineInstance</code>, images are <code>VirtualMachineImage</code>, extra networks are <code>NetworkAttachmentDefinition</code>, volumes are Longhorn-backed PVCs, so <code>kubectl get/apply/patch</code> works on all of them.</p>	suse-virtualization cli-api-terraform
<p>What is virtctl and which VM operations does it handle?</p>	<p><strong>virtctl</strong> is KubeVirt's VM-focused CLI. It covers lifecycle (<code>virtctl start</code>/<code>stop</code>/<code>restart &lt;vm&gt;</code>), console access (<code>virtctl console</code>, <code>virtctl vnc</code>), and image upload (<code>virtctl image-upload</code>). It complements <code>kubectl</code> for actions that aren't plain CRUD on a manifest.</p>	suse-virtualization cli-api-terraform
<p>How do you open a VM's serial or graphical console from the command line?</p>	<p><code>virtctl console &lt;vm-name&gt;</code> attaches to the VM's <strong>serial console</strong>; <code>virtctl vnc &lt;vm-name&gt;</code> opens a <strong>graphical VNC</strong> console. Both proxy through the KubeVirt API, so no direct node/hypervisor access is needed. The Harvester UI exposes the same VNC and serial consoles.</p>	suse-virtualization cli-api-terraform
<p>How do you upload a local disk image into the cluster with virtctl?</p>	<p><code>virtctl image-upload</code> streams a local disk image into a PVC/DataVolume backed by Harvester storage. Alternatively, create a <code>VirtualMachineImage</code> that <strong>downloads from a URL</strong> or accepts an <strong>upload</strong> from the UI — both source types are supported.</p>	suse-virtualization cli-api-terraform
<p>What is the official Harvester Terraform provider used for?</p>	<p>The <strong>harvester/harvester</strong> provider manages Harvester as <strong>Infrastructure-as-Code</strong>. Resources include <code>harvester_virtualmachine</code>, <code>harvester_image</code>, <code>harvester_volume</code>, <code>harvester_network</code>, <code>harvester_ssh_key</code>, <code>harvester_clusternetwork</code>, <code>harvester_vlanconfig</code>, and <code>harvester_cloudinit_secret</code>.</p>	suse-virtualization cli-api-terraform
<p>How does the Harvester Terraform provider authenticate to the cluster?</p>	<p>You configure the <code>provider "harvester"</code> block with the cluster <strong>kubeconfig</strong> (the one downloaded from the UI). Terraform then talks to the Harvester Kubernetes API and reconciles the CRD-backed resources declared in your <code>.tf</code> files.</p>	suse-virtualization cli-api-terraform
<p>Why can you drive SUSE Virtualization with GitOps tools like Fleet or Argo CD?</p>	<p>Because its resources are <strong>CRDs</strong>, a GitOps controller (Fleet or Argo CD) can reconcile <code>VirtualMachine</code>, <code>VirtualMachineImage</code>, and network manifests straight from Git — exactly as it would manage any other Kubernetes object, giving declarative, versioned VM infrastructure.</p>	suse-virtualization cli-api-terraform
<p>How do you inject configuration into a VM at first boot?</p>	<p>Via <strong>cloud-init</strong> — Harvester stores the user-data and network-data in a cloud-init secret referenced by the VM. You define users, SSH keys, packages, and run-commands, and the guest's cloud-init applies them on first boot. Terraform exposes this as <code>harvester_cloudinit_secret</code>.</p>	suse-virtualization cli-api-terraform
<p>Where do the API tokens/credentials for scripting Harvester come from?</p>	<p>From the <strong>kubeconfig</strong>, which carries the client certificate or token that authenticates to the Harvester API. When Harvester is imported into Rancher, you can instead use a Rancher-issued kubeconfig or API token scoped to that downstream cluster.</p>	suse-virtualization cli-api-terraform
<p>How would you script a bulk stop of every VM in a namespace?</p>	<p>Loop over the CRDs with kubectl, e.g. <code>kubectl get vm -n &lt;ns&gt; -o name | xargs -n1 -I{} virtctl stop -n &lt;ns&gt; {}</code>, or patch <code>spec.running=false</code> on each <code>VirtualMachine</code>. Because VMs are CRDs, label selectors (<code>-l app=web</code>) let you target subsets for bulk operations.</p>	suse-virtualization cli-api-terraform
<p>A VM is stuck in "Starting" or "Scheduling" — likely cause, check, and fix?</p>	<p>Likely <strong>no node can schedule the virt-launcher pod</strong> — insufficient CPU/memory, or a network affinity rule with no matching node. Check <code>kubectl describe vmi &lt;vm&gt;</code> and the virt-launcher pod's events. Fix: free or add node resources, or ensure nodes carry the required cluster-network labels.</p>	suse-virtualization troubleshooting
<p>A live migration is stuck or failing — what typically blocks it?</p>	<p>A <strong>non-migratable device or storage</strong> — e.g. a passthrough PCI/host device, or a disk on non-shared storage. Check the <code>VirtualMachineInstanceMigration</code> object status and virt-launcher logs. Fix: remove the non-migratable device, or move the VM to migratable Longhorn-backed volumes.</p>	suse-virtualization troubleshooting
<p>A Longhorn/SUSE Storage volume shows "Degraded" and rebuilding — what does that mean?</p>	<p>One or more <strong>replicas are unhealthy</strong> (a node or disk is down), so Longhorn is <strong>rebuilding</strong> to restore the configured replica count; data is still served from healthy replicas. Check the Longhorn UI or <code>kubectl -n longhorn-system get volumes</code>. It usually self-heals once the failed node/disk returns or spare capacity exists.</p>	suse-virtualization troubleshooting
<p>A node goes NotReady — what happens to its VMs and what do you do?</p>	<p>The node's <strong>VMIs stop running</strong>, and a running VMI cannot live-migrate off a dead node. Check <code>kubectl get nodes</code> and the node conditions. Fix the node (or cordon/drain it); VMs on migratable storage can then be restarted elsewhere, and Longhorn rebuilds replicas onto healthy nodes.</p>	suse-virtualization troubleshooting
<p>How do you generate a support bundle for SUSE support?</p>	<p>In the UI click <strong>Support</strong> (bottom-left) then <strong>Generate Support Bundle</strong>, enter a description, and it collects logs plus resource state and downloads a zip to attach to your support case. Use the <strong>support-bundle-namespaces</strong> setting to include extra workload namespaces.</p>	suse-virtualization troubleshooting
<p>What's the fastest kubectl way to see why a VM or pod is misbehaving?</p>	<p>Read the <strong>events</strong>: <code>kubectl describe vmi/&lt;vm&gt;</code> (or the virt-launcher pod) and <code>kubectl get events -n &lt;ns&gt; --sort-by=.lastTimestamp</code>. Events surface scheduling failures, image-pull errors, and volume-attach problems before you need to dig into pod logs.</p>	suse-virtualization troubleshooting
<p>A VM has no network connectivity — likely cause and check?</p>	<p>Usually a <strong>missing or misconfigured NetworkAttachmentDefinition, or a wrong VLAN</strong>. Check that the VM interface references an existing NAD, that the cluster network / <code>vlanconfig</code> is applied to the node's uplink, and that the VLAN ID is trunked on the switch. Fix the NAD/VLAN config, then restart the VM.</p>	suse-virtualization troubleshooting
<p>An image import (VirtualMachineImage) fails — how do you troubleshoot?</p>	<p>Likely a <strong>bad/unreachable URL, unsupported format, or timeout</strong>. Check the <code>VirtualMachineImage</code> status conditions and events for the download error. Fix the URL/credentials or proxy, confirm a supported format (qcow2/raw), and ensure enough backing storage exists.</p>	suse-virtualization troubleshooting
<p>The dashboard warns storage is over-provisioned, or a disk is full — what's going on?</p>	<p>Longhorn <strong>thin-provisions</strong> volumes, so allocated capacity can exceed physical disk; real usage then filling a node's disk stalls VMs and replica rebuilds. Check node/disk usage in the Longhorn UI. Fix: add disks or nodes, delete unused volumes/snapshots, or adjust the over-provisioning / storage-reserve settings.</p>	suse-virtualization troubleshooting
<p>A running VM shows no IP address in the UI — why, and how do you fix it?</p>	<p>The <strong>qemu guest agent isn't installed or running</strong>, so Harvester can't read the guest's IP. Check whether the agent is present (installed via cloud-init) and active in the guest. Fix: install and enable <code>qemu-guest-agent</code>, then restart the VM — the reported IP then appears.</p>	suse-virtualization troubleshooting
<p>An upgrade is stuck — where do you look?</p>	<p>Check the <strong>upgrade objects and System Upgrade Controller plan pods</strong> (<code>kubectl get upgrades</code>, plan jobs) plus node status — a NotReady node or a VM that refuses to migrate during a node drain often blocks progress. Fix the offending node/VM (or force-delete a stuck launcher pod), and grab a support bundle if it still can't proceed.</p>	suse-virtualization troubleshooting
<p>Where are the key logs when debugging a VM or storage problem?</p>	<p>The <strong>virt-launcher pod</strong> logs (<code>kubectl logs -n &lt;ns&gt; virt-launcher-&lt;vm&gt;-xxxxx</code>) for the VM/QEMU itself, and <strong>longhorn-manager</strong> plus engine/replica pods in <code>longhorn-system</code> for storage. Node-level KubeVirt logs come from the <strong>virt-handler</strong> daemonset pods.</p>	suse-virtualization troubleshooting
